<?xml version="1.0" encoding="UTF-8"?>
<project-private xmlns="http://www.netbeans.org/ns/project-private/1">
    <editor-bookmarks xmlns="http://www.netbeans.org/ns/editor-bookmarks/2" lastBookmarkId="0"/>
    <open-files xmlns="http://www.netbeans.org/ns/projectui-open-files/2">
        <group>
            <file>file:/D:/Documents/NetBeansProjects/ED2023_Proyecto_Pilas/src/Formularios/Pilas.java</file>
            <file>file:/D:/Documents/NetBeansProjects/ED2023_Proyecto_Pilas/src/tadPila/TadPila.java</file>
            <file>file:/D:/Documents/NetBeansProjects/ED2023_Proyecto_Pilas/src/tadPila/Pila.java</file>
            <file>file:/D:/Documents/NetBeansProjects/ED2023_Proyecto_Pilas/src/Algoritmos/AlgoritmosPila.java</file>
        </group>
    </open-files>
</project-private>
